idmanhwa,name,volumes,chapters,status,published_start,published_end,idserialization
1,Solo Leveling,,201,Finished,2018-03-04 00:00:00,2023-05-31 00:00:00,1
2,The Horizon,3,21,Finished,2016-03-30 00:00:00,2016-07-21 00:00:00,2
3,Wind Breaker,,,Publishing,2013-12-15 00:00:00,,3
4,Bastard,5,94,Finished,2014-07-04 00:00:00,2016-05-06 00:00:00,3
5,Who Made Me a Princess,9,125,Finished,2017-12-20 00:00:00,2022-04-30 00:00:00,
6,The Boxer,,123,Finished,2019-12-04 00:00:00,2022-05-04 00:00:00,3
7,The Breaker,10,72,Finished,2007-06-01 00:00:00,2010-07-20 00:00:00,4
8,Omniscient Reader,,,Publishing,2020-05-26 00:00:00,,3
9,Tower of God,,,Publishing,2010-07-05 00:00:00,,3
10,The Legend of the Northern Blade,,,Publishing,2019-12-31 00:00:00,,1
11,Eleceed,,,Publishing,2018-10-02 00:00:00,,3
12,The Breaker: New Waves,20,203,Finished,2010-10-08 00:00:00,2015-05-08 00:00:00,5
13,Seasons of Blossom,,130,Finished,2020-06-24 00:00:00,2023-03-24 00:00:00,3
14,After School Lessons for Unripe Apples,,,Publishing,2020-12-23 00:00:00,,3
15,Annarasumanara,3,27,Finished,2010-07-02 00:00:00,2010-12-31 00:00:00,3
16,Sweet Home,12,141,Finished,2017-10-12 00:00:00,2020-07-02 00:00:00,3
17,Villains Are Destined to Die,,,Publishing,2020-05-01 00:00:00,,1
18,Daytime Star,,77,Finished,2021-06-25 00:00:00,2023-01-09 00:00:00,1
19,Spirit Fingers,13,163,Finished,2015-05-16 00:00:00,2018-07-21 00:00:00,3
20,The Greatest Estate Developer,,,Publishing,2021-07-30 00:00:00,,3
21,Your Throne,,,Publishing,2020-01-06 00:00:00,,3
22,Return of the Blossoming Blade,,,Publishing,2021-03-23 00:00:00,,3
23,I Shall Master This Family,,,Publishing,2021-02-28 00:00:00,,1
24,King's Maker,3,38,Finished,2017-04-25 00:00:00,2017-11-14 00:00:00,6
25,Something About Us,5,101,Finished,2014-10-01 00:00:00,2016-10-19 00:00:00,6
26,"Can't See Can't Hear But LoveSee, Hear, Love",6,83,Finished,2010-10-18 00:00:00,2011-08-22 00:00:00,5
27,Why Raeliana Ended Up at the Duke's Mansion,,158,Finished,2017-09-03 00:00:00,2021-03-22 00:00:00,1
28,Cheese in the Trap Season 4,7,29,Finished,2015-09-02 00:00:00,2017-03-29 00:00:00,3
29,See You in My 19th Life,,114,Finished,2020-06-05 00:00:00,2022-09-24 00:00:00,3
30,Cheese in the Trap Season 3,12,37,Finished,2013-01-09 00:00:00,2015-08-26 00:00:00,3
31,Noblesse,,544,Finished,2007-12-30 00:00:00,2019-01-07 00:00:00,3
32,Her Tale of Shim Chong,7,77,Finished,2017-09-12 00:00:00,2019-03-19 00:00:00,7
33,Vagrant Soldier Ares,26,207,Finished,,,
34,A Stepmother's Märchen,,,Publishing,2019-07-04 00:00:00,,1
35,Your Letter,1,11,Finished,2018-08-11 00:00:00,2018-10-13 00:00:00,3
36,Cheese in the Trap Season 2,9,38,Finished,2011-06-15 00:00:00,2012-10-17 00:00:00,3
37,Let Dai,15,75,Finished,,,8
38,The Remarried Empress,,,Publishing,2019-10-24 00:00:00,,3
39,Romance 101,11,152,Finished,2018-03-12 00:00:00,2021-05-25 00:00:00,3
40,Winter Woods,7,55,Finished,2014-07-13 00:00:00,2017-01-29 00:00:00,3
41,Heesu in Class 2,4,81,Finished,2017-11-15 00:00:00,2019-06-26 00:00:00,6
42,About Death,2,27,Finished,2012-09-05 00:00:00,2013-02-20 00:00:00,3
43,Viral Hit,,,Publishing,2019-11-15 00:00:00,,3
44,Semantic Error,,,Publishing,2020-07-27 00:00:00,,
45,Positively Yours,8,82,Finished,2020-06-08 00:00:00,2022-03-14 00:00:00,
46,Kubera,,,Publishing,2010-02-07 00:00:00,,3
47,Lookism,,,Publishing,2014-11-20 00:00:00,,3
48,Weak Hero,,,Publishing,2018-05-05 00:00:00,,3
49,Id,29,178,On Hi,,,
50,Cheese in the Trap Season 1,6,27,Finished,2010-07-07 00:00:00,2011-05-26 00:00:00,3
51,Skill of Lure,7,36,Finished,2013-03-01 00:00:00,2016-01-01 00:00:00,9
52,Nano Machine,,,Publishing,2020-06-10 00:00:00,,3
53,Leviathan,,111,Finished,2018-03-12 00:00:00,2022-04-01 00:00:00,10
54,SSS-Class Revival Hunter,,,Publishing,2020-12-31 00:00:00,,1
55,Witch of Mine,4,,Finished,2015-08-25 00:00:00,2018-02-03 00:00:00,
56,Fools,4,74,Finished,2016-06-06 00:00:00,2017-10-05 00:00:00,2
57,4 Cut Hero,,,Publishing,2014-08-18 00:00:00,,6
58,Lost in the Cloud,,,Publishing,2020-11-20 00:00:00,,6
59,Ruler of the LandThe Ruler of the Land,,,Publishing,,,4
60,Operation: True Love,,,Publishing,2022-04-08 00:00:00,,3
61,Hellper,18,188,Finished,2011-10-12 00:00:00,2015-06-03 00:00:00,3
62,Dr. Frost,,,Publishing,2011-02-02 00:00:00,,3
63,Saver,17,55,Finished,,,11
64,Unholy Blood,8,92,Finished,2020-01-15 00:00:00,2021-09-29 00:00:00,3
65,Navillera: Like a Butterfly,5,31,Finished,2016-07-26 00:00:00,2017-10-31 00:00:00,5
66,Teenage Mercenary,,,Publishing,2020-11-06 00:00:00,,3
67,Odd Girl Out,,,Publishing,2015-05-17 00:00:00,,3
68,A Business Proposal,10,124,Finished,2018-09-19 00:00:00,2022-07-10 00:00:00,1
69,Roxana,,,Publishing,2021-01-31 00:00:00,,1
70,Trapped,,,Publishing,2019-09-02 00:00:00,,3
71,How to Win My Husband Over,,,Publishing,2021-10-21 00:00:00,,1
72,Maybe Meant to Be,,,Publishing,2022-02-10 00:00:00,,3
73,Yumi's Cells,13,527,Finished,2015-04-01 00:00:00,2020-11-13 00:00:00,3
74,The Stories of Those Around Me,4,60,Finished,2012-04-20 00:00:00,2013-06-06 00:00:00,3
75,Whale Star: The Gyeongseong Mermaid,6,109,Finished,2019-06-21 00:00:00,2021-07-09 00:00:00,3
76,One Thousand and One Nights,11,54,Finished,,,
77,Trace,,177,Finished,2007-04-03 00:00:00,2009-02-13 00:00:00,5
78,The Male Lead's Little Lion Daughter,,,Publishing,2021-08-14 00:00:00,,1
79,Super Secret,4,144,Finished,2015-03-30 00:00:00,2018-01-22 00:00:00,3
80,A Good Day to Be a Dog,9,88,Finished,2017-08-05 00:00:00,2019-04-06 00:00:00,3
81,Ghost Teller,,,Finished,2017-04-02 00:00:00,2020-07-19 00:00:00,3
82,Orange Marmalade,8,66,Finished,2011-02-12 00:00:00,2013-12-29 00:00:00,3
83,Duty After School,5,50,Finished,2012-11-17 00:00:00,2013-12-14 00:00:00,3
84,The Friendly Winter,2,65,Finished,2011-10-08 00:00:00,2013-02-23 00:00:00,5
85,Dreaming Freedom,,,Publishing,2021-12-24 00:00:00,,3
86,My Life as an Internet Novel,,,Publishing,2019-04-01 00:00:00,,1
87,King's Maker: Triple Crown,,,Publishing,2019-06-01 00:00:00,,1
88,The Summit,7,,Finished,,,8
89,Pigpen,,68,Finished,2019-03-02 00:00:00,2020-06-13 00:00:00,3
90,Medical Return,,150,Finished,2019-09-07 00:00:00,2022-01-28 00:00:00,1
91,The Villainess Turns the Hourglass,,125,Finished,2020-03-01 00:00:00,2022-11-04 00:00:00,1
92,Goong,27,179,Finished,2002-12-02 00:00:00,2011-12-27 00:00:00,8
93,Witch HunterWitch Buster,,,Publishing,,,4
94,Yongbi BulpaeYongbi the Invincible,23,,Finished,,,
95,Love in the Mask,32,134,Finished,,,
96,Pinocchio,7,81,Finished,,,5
97,My Young Cat and My Old Dog,3,215,Finished,2011-04-05 00:00:00,2013-01-15 00:00:00,3
98,Mystical,5,93,Finished,2020-02-19 00:00:00,2022-03-24 00:00:00,3
99,Beware the Villainess!,,128,Finished,2020-04-13 00:00:00,2022-10-09 00:00:00,1
100,Doom Breaker,,,Publishing,2021-06-25 00:00:00,,3
101,My Life as a Loser,,56,Finished,2019-11-08 00:00:00,2020-11-08 00:00:00,3
102,Lout of Count's Family,,,Publishing,2020-08-31 00:00:00,,1
103,Overgeared,,,Publishing,2020-04-01 00:00:00,,1
104,The Perks of Being a Villainess,,,Publishing,2022-11-30 00:00:00,,1
105,Mother's Contract Marriage,,,Publishing,2022-12-23 00:00:00,,1
106,Savage Garden,7,29,Finished,,,11
107,"Nineteen, Twenty-One",2,21,Finished,2010-08-09 00:00:00,2010-12-27 00:00:00,3
108,Dokgo,6,,Finished,2012-12-07 00:00:00,2014-02-07 00:00:00,12
109,You're So Cool,6,34,Finished,,,
110,At the End of the Road,4,26,Finished,2016-09-12 00:00:00,2018-01-08 00:00:00,6
111,Star x Fanboy,4,19,Finished,2017-08-25 00:00:00,2020-01-04 00:00:00,6
112,Unlucky Mansion,,73,Finished,2016-05-19 00:00:00,2018-01-04 00:00:00,7
113,Surviving Romance,,101,Finished,2021-01-14 00:00:00,2023-06-10 00:00:00,3
114,Marriage of Convenience,,,Publishing,2022-04-11 00:00:00,,1
115,Running on Empty,2,12,Finished,,,
116,YurekaiD_eNTITY,41,266,Finished,,,13
117,Distant Sky,10,114,Finished,2014-01-31 00:00:00,2018-06-24 00:00:00,3
118,Unintentional Love Story,6,58,Finished,2018-05-10 00:00:00,2020-09-10 00:00:00,
119,The Broken Ring: This Marriage Will Fail Anyway,,,Publishing,2022-11-02 00:00:00,,1
120,Return of the Mad Demon,,,Publishing,2021-07-22 00:00:00,,3
121,Unbalance x2,10,82,Finished,2005-05-30 00:00:00,2011-11-28 00:00:00,4
122,My Heart Is BeatingBe Still My Heart,3,30,Finished,2009-06-05 00:00:00,2009-11-25 00:00:00,3
123,"The Children's Teacher, Mr. Kwon",6,83,Finished,2012-04-22 00:00:00,2013-11-23 00:00:00,3
124,Death's Game,,66,Finished,2019-04-18 00:00:00,2020-06-25 00:00:00,3
125,Absolute Witch,12,83,Finished,,,8
126,The God of High School,,569,Finished,2011-04-08 00:00:00,2022-10-13 00:00:00,3
127,Out of Control,,95,Finished,2013-08-31 00:00:00,2019-09-11 00:00:00,6
128,Get Schooled,,,Publishing,2020-10-29 00:00:00,,3
129,'Til Debt Do Us Part,,72,Finished,2020-09-14 00:00:00,2021-12-27 00:00:00,3
130,Miss Not-So Sidekick,,178,Finished,2017-12-24 00:00:00,2022-05-06 00:00:00,1
131,Familyman,3,41,Finished,2009-08-07 00:00:00,2010-05-28 00:00:00,3
132,Threads of Time,11,46,Finished,1999-12-07 00:00:00,2003-09-04 00:00:00,14
133,Hot Blooded Woman,24,183,Finished,2002-01-31 00:00:00,2002-09-30 00:00:00,
134,Crazy Girl Shin Bia-Ah,19,,Finished,2008-03-07 00:00:00,2008-05-19 00:00:00,
135,The Tarot Café,7,18,Finished,,,
136,The Bride of the Water GodBride of the Water God,24,176,Finished,,,8
137,Doctor Elise: The Royal Lady with the Lamp,10,143,Finished,2017-09-18 00:00:00,2021-02-16 00:00:00,1
138,Happily Ever Afterwards,,89,Finished,2020-12-15 00:00:00,2022-09-27 00:00:00,3
139,No Home,,,Publishing,2018-12-31 00:00:00,,3
140,The Legend of Maian,14,75,On Hi,,,13
141,The Flowers of Evil,7,26,Finished,,,11
142,Dokgo Rewind,7,,Finished,2014-03-07 00:00:00,2015-12-25 00:00:00,12
143,Diamond Dust,3,40,Finished,2012-04-17 00:00:00,2013-02-26 00:00:00,5
144,"Father, I Don't Want This Marriage",,,Publishing,2021-02-24 00:00:00,,1
145,The Perks of Being an S-Class Heroine,,,Publishing,2022-03-31 00:00:00,,1
146,The First Night With the Duke,,102,Finished,2020-07-07 00:00:00,2022-07-06 00:00:00,3
147,My In-Laws are Obsessed with Me,,,Publishing,2021-11-25 00:00:00,,3
148,Killer Crush,,,Publishing,2021-09-02 00:00:00,,6
149,What's Wrong with Secretary Kim?,6,98,Finished,2016-06-28 00:00:00,2018-09-19 00:00:00,1
150,Taste of Illness,3,15,Finished,2018-08-04 00:00:00,2019-01-26 00:00:00,3
151,My Blasted Reincarnated Life,,,Publishing,2022-06-22 00:00:00,,1
152,Princess,,,Publishing,,,11
153,For Better or For Worse,,116,Finished,2020-11-17 00:00:00,2023-03-11 00:00:00,1
154,Villain with a Crush,,,Publishing,2022-07-20 00:00:00,,3
155,Transparent CohabitationMy Boo,3,47,Finished,2016-04-18 00:00:00,2017-03-13 00:00:00,3
156,The Pale Horse,,307,Finished,2011-09-15 00:00:00,2020-11-18 00:00:00,5
157,Transfer Student Storm Bringer,2,91,Finished,2010-04-05 00:00:00,2012-08-21 00:00:00,3
158,MajehKing of Hell,55,414,Finished,,,15
159,Shotgun Boy,,69,Finished,2021-02-22 00:00:00,2022-06-06 00:00:00,3
160,Gosu,,232,Finished,2015-09-08 00:00:00,2021-04-13 00:00:00,3
161,The Siren: Becoming the Villain's Family,,,Publishing,2021-12-26 00:00:00,,1
162,Salty Studio,4,66,Finished,2013-10-31 00:00:00,2015-03-19 00:00:00,3
163,Teen Spirit,4,25,Finished,,,16
164,Saving My Sweetheart,,,Publishing,2021-03-20 00:00:00,,1
165,Light and Shadow,,,Publishing,2016-12-27 00:00:00,,1
166,My Reason to Die,,,Publishing,2021-12-07 00:00:00,,3
167,Secret Lady,,,Publishing,2021-05-04 00:00:00,,1
168,Angel Diary,13,60,Finished,,,
169,Level Up with the Gods,,,Publishing,2021-08-14 00:00:00,,1
170,Park Hanhoo's Manager,,76,Finished,2020-11-17 00:00:00,2021-12-21 00:00:00,1
171,Debut or Die,,,Publishing,2022-08-01 00:00:00,,1
172,I Wish...,7,50,Finished,,,17
173,Dear My Girls,9,33,Finished,,,
174,He's Dedicated to Roses,11,,Finished,2007-01-26 00:00:00,2007-02-10 00:00:00,
175,100% Perfect Girl,11,83,Finished,2006-08-22 00:00:00,2009-11-05 00:00:00,
176,Can't Lose You,6,35,Finished,,,
177,Immortal Regis,6,44,Finished,,,15
178,Ciel,23,,Finished,,,
179,Latna Saga: Survival of a Sword King,,,Publishing,2019-12-31 00:00:00,,1
180,The Novel's Extra,,,Publishing,2022-06-30 00:00:00,,1
181,My Beautiful World,3,68,Finished,2013-11-15 00:00:00,2015-07-03 00:00:00,5
182,Kiss Wood,2,34,Finished,2010-06-05 00:00:00,2011-01-29 00:00:00,3
183,Girls of the Wild's,,260,Finished,2011-08-14 00:00:00,2016-10-29 00:00:00,3
184,The Makeup Remover,7,26,Finished,2018-05-04 00:00:00,2020-11-12 00:00:00,3
185,Devil Number 4,8,122,Finished,2018-05-01 00:00:00,2020-11-16 00:00:00,3
186,H20,7,43,Finished,,,8
187,The Swordmaster's Son,,,Publishing,2022-04-30 00:00:00,,1
188,Second Life Ranker,,,Publishing,2019-05-16 00:00:00,,1
189,I'm the Max-Level Newbie,,,Publishing,2021-07-29 00:00:00,,3
190,Our Secret Alliance,,,Publishing,2022-01-18 00:00:00,,3
191,Shall we Have Dinner Tonight?,3,46,Finished,2013-11-12 00:00:00,2014-11-05 00:00:00,5
192,Marry My Husband,,68,Finished,2021-11-02 00:00:00,2023-01-17 00:00:00,3
193,The Villainess Is a Marionette,,,Publishing,2021-02-10 00:00:00,,1
194,Author of My Own Destiny,,,Publishing,2021-08-31 00:00:00,,1
195,My Secret Brother,11,216,Finished,2014-08-08 00:00:00,2019-10-11 00:00:00,6
196,Masca: The Tale of the Great Mage of HessedMasca,12,77,Finished,,,8
197,Veritas,10,81,Finished,,,18
198,Cavalier of the Abyss,24,144,Finished,,,15
199,Gilgamesh,6,129,Finished,2015-08-31 00:00:00,2017-12-11 00:00:00,6
200,Moon You,4,68,Finished,2016-06-16 00:00:00,2017-09-28 00:00:00,3
201,"Mom, I'm Sorry",,102,Finished,2019-06-08 00:00:00,2021-07-10 00:00:00,3
202,Murim Login,,,Publishing,2020-05-01 00:00:00,,1
203,Villainess in Love,,105,Finished,2019-12-31 00:00:00,2022-10-05 00:00:00,1
204,For My Derelict Favorite,,,Publishing,2022-05-04 00:00:00,,3
205,The Reaper,,,Publishing,2022-07-15 00:00:00,,1
206,Red Lion,7,37,Finished,,,
207,World Bring It On!,16,,Finished,2008-07-11 00:00:00,2008-09-27 00:00:00,
208,The Monstrous Duke's Adopted Daughter,,150,Finished,2019-04-30 00:00:00,2022-07-20 00:00:00,1
209,The Lazy Lord Masters the Sword,,,Publishing,2021-05-21 00:00:00,,3
210,Little Rabbit and the Big Bad Leopard,,,Publishing,2021-05-22 00:00:00,,1
211,Player,,,Publishing,2020-05-07 00:00:00,,3
212,Grass,1,17,Finished,,,
213,A Returner's Magic Should Be Special,,,Publishing,2018-05-19 00:00:00,,1
214,Kids Are All Right,2,55,Finished,,,3
215,Knight Run,,,Publishing,2009-05-04 00:00:00,,3
216,Crepuscule,,253,Finished,2011-02-14 00:00:00,2016-10-09 00:00:00,3
217,An Uncomfortable Truth,,75,Finished,2016-11-25 00:00:00,2018-04-06 00:00:00,6
218,The Lady and Her Butler,,,Finished,2017-06-10 00:00:00,2020-06-20 00:00:00,6
219,Honggane,11,56,Finished,,,
220,The Skeleton Soldier Failed to Defend the Dungeon,,,Publishing,2018-06-11 00:00:00,,1
221,Hero Killer,,,Publishing,2021-02-25 00:00:00,,3
222,"Into the Light, Once Again",,,Publishing,2021-09-02 00:00:00,,1
223,Pick Me Up!,,,Publishing,2022-12-28 00:00:00,,1
224,Bloody Sweet,4,22,Finished,2014-10-22 00:00:00,2017-02-15 00:00:00,1
225,Flow,6,103,Finished,2013-06-10 00:00:00,2015-06-16 00:00:00,3
226,Flirting with the Villain's Dad,,,Publishing,2020-04-02 00:00:00,,1
227,Dark Mortal,,80,Finished,2018-12-15 00:00:00,2020-06-13 00:00:00,3
228,The Villainess Flips the Script!,,,Publishing,2021-04-24 00:00:00,,1
229,When the Day Comes,4,54,Finished,2020-06-30 00:00:00,2021-07-06 00:00:00,3
230,How to Use a Returner,,,Publishing,2021-10-31 00:00:00,,1
231,The Archmage Returns After 4000 Years,,,Publishing,2020-05-01 00:00:00,,1
232,Pyramid Game,,105,Finished,2020-01-22 00:00:00,2022-03-25 00:00:00,3
233,Tales of the Unusual,,396,Finished,2013-05-15 00:00:00,2022-05-04 00:00:00,3
234,Our Paradise,3,26,Finished,2018-10-24 00:00:00,2019-06-26 00:00:00,
235,Secret Alliance,,45,Finished,2019-07-05 00:00:00,2020-03-28 00:00:00,6
236,Hardcore Leveling Warrior,,317,Finished,2016-01-22 00:00:00,2022-02-19 00:00:00,3
237,My Daughter Is a Zombie,7,90,Finished,2018-08-22 00:00:00,2020-05-20 00:00:00,3
238,The Ember Knight,,,Publishing,2021-03-19 00:00:00,,3
239,Terror Man,,209,Finished,2016-01-11 00:00:00,2020-04-30 00:00:00,3
240,Barbarian Quest,,,Publishing,2022-04-15 00:00:00,,1
241,The Infinite Mage,,,Publishing,2022-12-30 00:00:00,,1
242,I Don't Want This Kind of Hero,27,301,Finished,2011-11-02 00:00:00,2017-09-19 00:00:00,3
243,Sad Love Song,5,22,Finished,,,
244,Jungle Juice,,,Publishing,2020-12-30 00:00:00,,3
245,After Ten Millennia in Hell,,,Publishing,2022-07-31 00:00:00,,1
246,I Thought My Time Was Up!,,,Publishing,2022-10-31 00:00:00,,3
247,Like Wind on a Dry Branch,,,Publishing,2020-09-15 00:00:00,,3
248,Vampire Library,,,Publishing,2014-05-02 00:00:00,,16
249,To Not Die,,,Publishing,2021-05-20 00:00:00,,3
250,Mythic Item Obtained,,,Publishing,2022-06-12 00:00:00,,3
251,Zippy Ziggy,11,86,Finished,2005-04-15 00:00:00,,13
252,Pig Bride,5,22,Finished,,,16
253,Pink Lady,6,78,Finished,2007-05-02 00:00:00,2009-02-23 00:00:00,3
254,Peak,7,45,Finished,2011-04-20 00:00:00,2014-11-19 00:00:00,5
255,Swimming Lessons for a Mermaid,7,101,Finished,2019-05-25 00:00:00,2021-04-17 00:00:00,3
256,Our Beloved Summer,2,21,Finished,2021-11-05 00:00:00,2022-02-26 00:00:00,3
257,The World After the Fall,,,Publishing,2022-02-07 00:00:00,,3
258,Days of Hana,,113,Finished,2017-04-05 00:00:00,2019-07-03 00:00:00,3
259,Oh! Holy,,141,Finished,2015-06-01 00:00:00,2018-04-02 00:00:00,3
260,Finding Camellia,,,Publishing,2021-08-26 00:00:00,,
261,My Royal Awakening,,88,Finished,2020-09-07 00:00:00,2022-06-06 00:00:00,1
262,Revolutionary Princess Eve,,,Publishing,2021-03-13 00:00:00,,1
263,Promise of an Orchid,,106,Finished,2019-07-04 00:00:00,2021-06-24 00:00:00,3
264,Revelation of Youth,,,Publishing,2022-11-05 00:00:00,,3
265,Mookhyang: Dark Lady,,,Publishing,2019-07-04 00:00:00,,1
266,Delusion,3,60,Finished,2019-09-26 00:00:00,2020-10-08 00:00:00,3
267,I'm the Queen in This Life,,,Publishing,2022-08-11 00:00:00,,3
268,Crowning a Spoiled Prince,,,Publishing,2022-08-22 00:00:00,,1
269,A Kiss to the Prince,5,22,Finished,2006-08-01 00:00:00,2007-10-31 00:00:00,
270,Mawang IlgiDemon Diary,7,26,Finished,,,8
271,Idol Shopping,12,,Finished,,,
272,I Am the Real One,,,Publishing,2020-09-30 00:00:00,,1
273,Study Group,,,Publishing,2019-01-04 00:00:00,,3
274,An Eye for an Eye,,75,Finished,2014-12-03 00:00:00,2016-07-27 00:00:00,6
275,"Goodbye, In-Law!",8,81,Finished,2018-09-17 00:00:00,2020-04-20 00:00:00,5
276,Heavenly Demon Reborn!,,,Publishing,2018-08-15 00:00:00,,1
277,Angel Buddy,,82,Finished,2019-11-21 00:00:00,2021-09-02 00:00:00,1
278,The Academy's Undercover Professor,,,Publishing,2022-06-04 00:00:00,,3
279,Smile Brush: My Old Pictures,1,48,Finished,2010-07-20 00:00:00,2011-07-21 00:00:00,3
280,Who Invited You?,5,,Finished,2016-07-13 00:00:00,2017-11-15 00:00:00,5
281,Itaewon Class,8,80,Finished,2016-12-27 00:00:00,2018-05-22 00:00:00,5
282,Superhuman Era,,,Publishing,2019-07-12 00:00:00,,3
283,The Baengri Clan's Unwanted Granddaughter,,,Publishing,2023-01-22 00:00:00,,1
284,Survive as the Hero's WifeThis Villainess Wants a Divorce!,6,118,Finished,2018-12-31 00:00:00,2021-12-04 00:00:00,1
285,A Wicked Tale of Cinderella's Stepmom,,,Publishing,2020-09-26 00:00:00,,1
286,Mad Dog,,,Publishing,2021-06-17 00:00:00,,6
287,The Villainess's Stationery Shop,,,Publishing,2022-03-26 00:00:00,,1
288,Becoming the Dark Hero's Daughter,,,Publishing,2021-07-22 00:00:00,,1
289,I Only Want to Beat You,,,Publishing,2019-07-06 00:00:00,,3
290,Hwaja,2,10,Finished,2011-06-06 00:00:00,2012-02-20 00:00:00,5
291,Priest,16,160,Finished,,,
292,Change GuyQuantum Mistake,31,338,Finished,,,
293,It's Mine,,158,Finished,2018-05-08 00:00:00,2021-08-11 00:00:00,3
294,Nano List,,147,Finished,2016-01-22 00:00:00,2018-11-23 00:00:00,3
295,Dream Away,,58,Finished,2019-06-17 00:00:00,2020-09-01 00:00:00,6
296,Refund High School,,134,Finished,2018-03-20 00:00:00,2019-06-14 00:00:00,3
297,Child of the Sheath,,,Publishing,2020-02-01 00:00:00,,1
298,Efforts Never Betray,,31,Finished,2020-03-20 00:00:00,2020-09-13 00:00:00,3
299,Kiss Me PrincessBoy Princess,9,63,Finished,,,
300,Evyione,12,,Finished,,,
301,The Queen's Knight,17,79,Finished,,,16
302,Cutie Boy,8,39,Finished,,,
303,Antique Romance,4,27,Finished,,,8
304,Chasing Tails,,,Publishing,2021-07-09 00:00:00,,3
305,Masters of Lightning Knives,,,Publishing,2019-12-12 00:00:00,,1
306,Not-Sew-Wicked Stepmom,,,Publishing,2021-04-10 00:00:00,,1
307,Ending Maker,,,Publishing,2022-05-29 00:00:00,,1
308,Tong: Vanity,6,,Finished,2015-05-09 00:00:00,2017-04-29 00:00:00,
309,July Found by Chance,10,55,Finished,2018-01-18 00:00:00,2019-09-19 00:00:00,5
310,Song of the Cloud,2,63,Finished,2009-04-13 00:00:00,2010-06-21 00:00:00,3
311,God of Bath,3,30,Finished,2011-07-14 00:00:00,2012-02-16 00:00:00,3
312,Blooming Sequence,,77,Finished,2017-08-07 00:00:00,2019-01-14 00:00:00,6
313,Tomb Raider King,,412,Finished,2019-06-30 00:00:00,2023-03-27 00:00:00,1
314,Vanilla Ice,4,21,On Hi,,,
315,Boy of the Female Wolf,17,,Finished,2007-09-06 00:00:00,2007-11-13 00:00:00,
316,I Married the Male Lead's Dad,,,Publishing,2020-11-30 00:00:00,,1
317,Ashtarte,,,Publishing,2022-07-31 00:00:00,,3
318,Rebirth,26,107,Finished,,,15
319,Sugar AddictionSugarholic,5,38,Finished,,,8
320,Tong,4,,Finished,,,
321,Save Me,,63,Finished,2016-12-13 00:00:00,2017-12-26 00:00:00,6
322,Trace 1.5: Communicator,,39,Finished,2011-12-19 00:00:00,2012-05-21 00:00:00,5
323,The Return of the 8th Class Mage,,81,Finished,2021-07-02 00:00:00,2022-12-25 00:00:00,1
324,The Return of the Disaster-Class Hero,,,Publishing,2021-12-23 00:00:00,,1
325,Philomel the Fake,,,Publishing,2023-01-31 00:00:00,,1
326,Manager Kim,,,Publishing,2021-10-29 00:00:00,,3
327,Parallel City,,,Publishing,2019-07-06 00:00:00,,3
328,Act Like You Love Me!,,,Publishing,2020-12-11 00:00:00,,3
329,The Little Lady Behind the Scenes,,,Publishing,2021-10-31 00:00:00,,1
330,The Rewards of Marriage,,,Publishing,2022-01-12 00:00:00,,1
331,Charming the Duke of the North,,,Publishing,2022-05-08 00:00:00,,3
332,Yeonwoo's Innocence,,,Publishing,2020-09-21 00:00:00,,3
333,Revenge of the Iron-Blooded Sword Hound,,,Publishing,2023-04-14 00:00:00,,1
334,ZeroZero - The Beginning of The Coffin,10,70,Finished,,,19
335,Sarasah,,,Publishing,,,
336,The Girl Downstairs,,149,Finished,2019-07-17 00:00:00,2022-06-16 00:00:00,3
337,No Longer a Heroine!,,111,Finished,2019-12-17 00:00:00,2022-02-01 00:00:00,3
338,Kill the Villainess,,,Publishing,2021-04-02 00:00:00,,1
339,Existence,,,Publishing,2022-08-21 00:00:00,,1
340,Reality Quest,,,Publishing,2021-10-26 00:00:00,,3
341,Sigrid,,,Publishing,2022-12-31 00:00:00,,1
342,Full House,16,122,Finished,,,
343,Do You Want to Try?,5,18,Finished,,,
344,Model,7,10,Finished,,,
345,Legend of Nereid,15,90,Finished,,,
346,Star Project ChiroChiro: The Star Project,12,,Finished,,,16
347,I Was Tricked Into This Fake Marriage!,,108,Finished,2019-11-30 00:00:00,2022-04-10 00:00:00,1
348,I Stan the Prince,,,Publishing,2020-02-17 00:00:00,,1
349,Descended from Divinity,,,Publishing,2021-06-14 00:00:00,,3
350,If AI Ruled the World,,52,Finished,2020-09-29 00:00:00,2021-08-21 00:00:00,3
351,My Daughter Is the Final Boss,,,Publishing,2022-04-14 00:00:00,,1
352,Dokgo 2,5,,Finished,2016-12-10 00:00:00,2018-10-14 00:00:00,1
353,For the Sake of Sita,2,14,Finished,2014-06-13 00:00:00,2014-09-12 00:00:00,3
354,I'm Looking for the Princess,10,,Finished,2008-07-07 00:00:00,2008-08-09 00:00:00,
355,My Boyfriend Is a Vampire,14,48,Finished,,,
356,Dark Air,12,91,Finished,,,15
357,Abide in the Wind,,,Finished,2011-12-01 00:00:00,2015-08-19 00:00:00,3
358,Supernatural Investigation Department,,376,Finished,2010-05-12 00:00:00,2020-08-12 00:00:00,3
359,DVD,8,40,Finished,2003-12-25 00:00:00,2005-12-14 00:00:00,8
360,Dear Waltz,9,,Finished,,,
361,My Gently Raised Beast,,106,Finished,2020-12-11 00:00:00,2022-09-24 00:00:00,3
362,Random Chat,,,Publishing,2017-11-13 00:00:00,,3
363,Karina's Last Days,,,Publishing,2021-11-20 00:00:00,,1
364,Rumor Has It,,69,Finished,2019-06-12 00:00:00,2020-09-09 00:00:00,3
365,Magical JxR,5,24,Finished,,,16
366,Bal Jak,12,85,Finished,,,
367,Lessa,18,292,Finished,2012-06-21 00:00:00,2020-11-17 00:00:00,3
368,My Darling Signed In,,104,Finished,2017-07-01 00:00:00,2019-11-17 00:00:00,7
369,Back to You,12,115,Finished,2020-01-03 00:00:00,2022-03-06 00:00:00,3
370,Your Smile is a Trap,,,Publishing,2020-03-09 00:00:00,,3
371,The Villainess Is Retiring,,,Publishing,2021-02-25 00:00:00,,1
372,Elixir of the Sun,,,Publishing,2020-11-22 00:00:00,,1
373,Castle,,120,Finished,2019-11-26 00:00:00,2022-02-15 00:00:00,3
374,Dungeon Odyssey,,,Publishing,2022-09-26 00:00:00,,1
375,The Legendary Moonlight Sculptor,,,Publishing,2015-02-16 00:00:00,,1
376,The Blood of the Butterfly,,83,Finished,2020-07-09 00:00:00,2022-01-13 00:00:00,3
377,Relationship Guidelines,,82,Finished,2020-10-03 00:00:00,2022-04-12 00:00:00,1
378,Warrior High School: Dungeon Raid Department,,,Publishing,2022-10-02 00:00:00,,1
379,To Be an Actor,,,Publishing,2022-09-30 00:00:00,,1
380,I Will Be CinderellaBecoming Cinderella,20,,Finished,,,
381,Moon Boy,9,50,Finished,,,16
382,Shaman Warrior,9,72,Finished,2003-12-01 00:00:00,2006-09-18 00:00:00,
383,Aflame Inferno,6,50,On Hi,,,18
384,Daddy Long Legs,2,14,Finished,,,19
385,Wait!! Wolf,18,,Finished,,,
386,My Life's Tackle,14,,Finished,2008-01-07 00:00:00,2008-03-15 00:00:00,
387,Suicide Boy,,,Publishing,2017-08-12 00:00:00,,6
388,A Shoulder to Cry On,,30,Finished,2018-10-20 00:00:00,2019-08-10 00:00:00,6
389,Touch My Little Brother and You're Dead,,,Publishing,2021-07-01 00:00:00,,1
390,The Strongest Characters in the World Are Obsessed with MeThe Most Powerful Characters in the World Are Obsessed with Me,,,Publishing,2021-09-30 00:00:00,,1
391,"Forget About My Husband, I'd Rather Go Make Money",,,Publishing,2022-08-11 00:00:00,,1
392,I'm Being Raised by Villains,,,Publishing,2023-05-12 00:00:00,,1
393,The Sword of Emperor,8,44,Finished,,,
394,Neck and Neck,8,40,Finished,,,
395,The Moment When a Fox Becomes a Wolf,10,46,Finished,,,
396,Chunchu: The Genocide Fiend,15,,Finished,,,
397,Forget About Love,7,,Finished,,,
398,A Man's Man,,,Publishing,2020-07-30 00:00:00,,3
399,FFF-Class Trashero,,,Publishing,2019-09-17 00:00:00,,1
400,An Hour of Romance,,,Publishing,2020-02-22 00:00:00,,1
401,My Cute Beast!,,101,Finished,2018-04-01 00:00:00,2020-06-22 00:00:00,1
402,Reborn Rich,,,Publishing,2022-09-28 00:00:00,,3
403,The Love Doctor,,86,Finished,2016-04-23 00:00:00,2017-12-09 00:00:00,6
404,Love and Leashes,,146,Finished,2015-03-20 00:00:00,2018-08-17 00:00:00,7
405,Cheonnyeon Kumiho,,248,Finished,2011-11-04 00:00:00,2016-09-16 00:00:00,3
406,SiESTA,5,,Finished,,,16
407,The Divine Surgeon,,,Publishing,2022-01-31 00:00:00,,1
408,The Grand Mudang Saga,,,Publishing,2020-10-31 00:00:00,,1
409,The Story of a Low-Rank Soldier Becoming a Monarch,,,Publishing,2020-12-24 00:00:00,,1
410,Doctor's Rebirth,,,Publishing,2021-01-16 00:00:00,,1
411,Yeonae Hyeokmyeong,,,Publishing,2013-09-04 00:00:00,,3
412,Snow Drop,12,39,Finished,,,11
413,Peter Panda,4,24,Finished,,,
414,Romance Papa,8,33,Finished,2007-12-05 00:00:00,2008-12-17 00:00:00,
415,Lady DetectiveLizzie Newton: Victorian Mysteries,6,,Finished,2011-04-26 00:00:00,2013-02-19 00:00:00,11
416,Tong: Classified,4,,Finished,2014-01-19 00:00:00,2015-03-29 00:00:00,
417,Wait Where the Shooting Star Falls,,,Publishing,2018-08-25 00:00:00,,5
418,Master Villainess the Invincible!,,,Publishing,2020-12-31 00:00:00,,1
419,Baroness Goes on Strike,,,Publishing,2021-09-19 00:00:00,,1
420,Questism,,,Publishing,2021-10-22 00:00:00,,3
421,Please Marry Me Again!,,,Publishing,2022-02-16 00:00:00,,1
422,The Gourmet Gamer,,,Publishing,2021-04-30 00:00:00,,1
423,"As You Wish, Prince",,93,Finished,2018-08-31 00:00:00,2019-10-03 00:00:00,1
424,Volcanic Age,,,Publishing,2017-09-15 00:00:00,,1
425,After the Curtain Call,,51,Finished,2020-01-06 00:00:00,2020-08-06 00:00:00,1
426,Solo Farming in the Tower,,,Publishing,2023-04-20 00:00:00,,3
427,MANA,4,22,Finished,,,8
428,Jazz for Two,,74,Finished,2017-10-27 00:00:00,2019-06-21 00:00:00,6
429,The Moon That Rises in the Day,,,Finished,2013-05-16 00:00:00,2017-08-24 00:00:00,3
430,Hell Is Other People,3,42,Finished,2018-03-10 00:00:00,2019-01-09 00:00:00,3
431,The Girl from Class,1,28,Finished,,,3
432,Ghost Wife,,134,Finished,2016-06-17 00:00:00,2019-01-25 00:00:00,3
433,Return to Player,,,Publishing,2020-08-21 00:00:00,,3
434,The Frozen Player Returns,,,Publishing,2021-03-05 00:00:00,,1
435,Demon Devourer,,,Publishing,2021-12-31 00:00:00,,1
436,The Hero's Savior,,,Publishing,2022-05-31 00:00:00,,1
437,Delinquent Cinderella,10,,Finished,,,
438,Nowhere Boy,3,31,Finished,2011-06-15 00:00:00,2012-01-18 00:00:00,3
439,Love Like Crazy,11,,Finished,2007-05-18 00:00:00,2007-07-14 00:00:00,
440,Raiders,9,36,Finished,,,
441,Girl QueenLittle Queen,8,35,Finished,,,11
442,Advent of Snow White of the Hell,10,,Finished,,,
443,My S-Class Hunters,,,Publishing,2021-11-15 00:00:00,,3
444,Solitary Lady,,,Publishing,2021-04-30 00:00:00,,1
445,The Esper's Game,,,Publishing,2022-06-06 00:00:00,,3
446,Cassmire: The Loyal Sword,,,Publishing,2022-04-15 00:00:00,,1
447,Returning With Absolutely Nothing,,,Publishing,2022-03-27 00:00:00,,1
448,Mosquito War,3,49,Finished,2017-12-31 00:00:00,2018-10-07 00:00:00,6
449,Smile Brush,1,35,Finished,,,
450,Imitation,12,,Finished,2014-09-30 00:00:00,2021-09-21 00:00:00,1
451,Hannune Banhada! Season 2,11,,Finished,,,11
452,Welcome to Room #305!,,171,Finished,2008-03-03 00:00:00,2011-09-22 00:00:00,3
453,"Do You Remember, Mogwa?",15,,Finished,,,
454,Pellua Iyagi,,,Publishing,,,16
455,Rure,,,Publishing,,,
456,Bring it on!,5,25,Finished,,,
457,"They, Too, Love",7,36,Finished,,,
458,Do-Re-Mi-Fa-Sol-La-Si-Do,2,11,Publishing,,,
459,Nocturne,,,Publishing,,,11
460,Flawed Almighty,,,Publishing,2021-07-21 00:00:00,,3
461,Villain to Kill,,,Publishing,2021-02-15 00:00:00,,3
462,"Painful, but Desirable",,73,Finished,2020-06-30 00:00:00,2021-10-30 00:00:00,1
463,I'll Save This Damned Family!,,,Publishing,2020-04-19 00:00:00,,1
464,Hectopascal,,,Publishing,2022-08-22 00:00:00,,3
465,Legend,10,,Finished,,,
466,Chocolat,10,73,Finished,,,
467,The Knight and Her Emperor,,,Publishing,2019-01-26 00:00:00,,1
468,Yongbyeong Maluhan,15,103,Finished,,,4
469,A Talented Maid,,,Publishing,2019-07-29 00:00:00,,1
470,The Great Wish,,142,Finished,2019-08-31 00:00:00,2022-11-24 00:00:00,1
471,The Player Who Can't Level Up,,,Publishing,2021-02-28 00:00:00,,1
472,The Crow's Prince,,,Publishing,2022-02-18 00:00:00,,1
473,My Boss's Special Request,,,Publishing,2021-10-31 00:00:00,,1
474,Mookhyang: The Origin,,47,Finished,2021-01-31 00:00:00,2021-08-12 00:00:00,1
475,Just for a Meowment,,103,Finished,2019-10-28 00:00:00,2021-10-18 00:00:00,1
476,The Tyrant Wants to Be Good,,,Publishing,2022-10-27 00:00:00,,3
477,Baby Tyrant,,,Publishing,2023-02-28 00:00:00,,3
478,Ghost Theater,,51,Finished,2019-08-23 00:00:00,2020-08-07 00:00:00,3
479,Best Teacher Baek,,,Publishing,2021-10-20 00:00:00,,3
480,Lethal Romance,,54,Finished,2020-04-23 00:00:00,2021-03-29 00:00:00,3
481,I Played the Role of the Adopted Daughter Too Well,,,Publishing,2023-02-28 00:00:00,,1
482,Surviving the Game as a Barbarian,,,Publishing,2023-04-19 00:00:00,,3
483,My Girl,5,27,Finished,,,
484,Pure,3,18,Finished,,,
485,The Color of Earth,3,30,Finished,,,
486,"Cherry Boy, That Girl",,110,Finished,2012-06-27 00:00:00,2015-01-14 00:00:00,5
487,"Que Sera, Sera!",,71,Finished,2015-12-06 00:00:00,2017-03-19 00:00:00,6
488,My ID Is Gangnam Beauty,5,89,Finished,2016-04-08 00:00:00,2017-12-29 00:00:00,3
489,Why Did Men Stop Wearing High Heels?,,65,Finished,2015-04-21 00:00:00,2016-06-14 00:00:00,6
490,Kisses x Kiss x Kisses,,86,Finished,2017-10-13 00:00:00,2019-10-05 00:00:00,1
491,Fight Class 3,,,Publishing,2016-08-15 00:00:00,,15
492,Aisopos,,130,Finished,2013-07-16 00:00:00,2016-08-23 00:00:00,3
493,+99 Reinforced Wooden Stick,,,Publishing,2022-03-25 00:00:00,,3
494,"66,666 Years: Advent of the Dark Mage",,,Publishing,2021-06-29 00:00:00,,3
495,Caught By the Villain,,,Publishing,2020-08-07 00:00:00,,1
496,Flower and the Beast,,120,Finished,2019-09-04 00:00:00,2021-12-22 00:00:00,1
497,Baek XX,,,Publishing,2023-01-17 00:00:00,,3
498,Forest of Gray City,2,16,Finished,,,8
499,Replay,3,15,Finished,,,
500,Hush,7,,Finished,,,
501,Laon,6,,Finished,,,4
502,Rotten,,49,Finished,2019-06-23 00:00:00,2020-05-24 00:00:00,3
503,Tales of Greed,,39,Finished,2020-12-24 00:00:00,2021-08-27 00:00:00,3
504,Tale of a Scribe Who Retires to the Countryside,,,Publishing,2020-05-14 00:00:00,,3
505,Revenge on the Real One,,,Publishing,2022-08-09 00:00:00,,1
506,Sandwich Girl,8,,Finished,,,
507,Sir Tiger's Table,,,Publishing,,,16
508,Hanged Doll,3,70,Finished,2007-10-22 00:00:00,2008-07-10 00:00:00,5
509,100 Days in Europe,5,48,Finished,2013-06-03 00:00:00,2014-07-20 00:00:00,6
510,Click,8,33,Finished,2006-12-13 00:00:00,2008-04-07 00:00:00,
511,Safe Again Today,2,14,Finished,,,8
512,Yongbi Bulpae Oejeon,,,Publishing,,,
513,I Accept You,6,24,Finished,,,
514,Dear X,,63,Finished,2019-07-05 00:00:00,2020-09-11 00:00:00,3
515,From a Knight to a Lady,,,Publishing,2021-03-09 00:00:00,,3
516,50 Tea Recipes from the Duchess,,143,Finished,2019-07-12 00:00:00,2022-04-08 00:00:00,1
517,Philia Rosé: The Prophecy of the Crown of Thorns,,,Publishing,2021-11-01 00:00:00,,3
518,The Red Knight Seeks No Reward,,,Publishing,2021-06-12 00:00:00,,1
519,Zomgan,,,Publishing,2022-06-14 00:00:00,,3
520,Return of the SSS-Class Ranker,,,Publishing,2022-08-14 00:00:00,,1
521,The Dragon Next Door,,,Finished,2013-07-02 00:00:00,2020-02-21 00:00:00,3
522,Subtle Disaster,4,,Finished,2014-08-06 00:00:00,2015-06-10 00:00:00,3
523,The Kidnapping of Minja Jo's Boyfriend,1,7,Finished,,,
524,Nephilim John,8,42,Finished,,,
525,Hannune Banhada! Season 1,4,34,Finished,,,11
526,Gwisin Byeolgok,9,,Finished,,,
527,That Summer,,156,Finished,2015-07-07 00:00:00,2019-02-13 00:00:00,7
528,Adelaide,,86,Finished,2017-12-22 00:00:00,2019-09-30 00:00:00,1
529,Kill the Hero,,,Publishing,2020-03-26 00:00:00,,1
530,Ginger and the Cursed Prince,,82,Finished,2020-02-03 00:00:00,2021-12-03 00:00:00,1
531,Hanlim Gym,,,Publishing,2020-05-25 00:00:00,,3
532,Another Love,,56,Finished,2021-12-27 00:00:00,2022-12-05 00:00:00,3
533,I Fell into a Reverse Harem Game!,,,Publishing,2020-09-05 00:00:00,,1
534,Poison Dragon: The Legend of an Asura,,,Publishing,2021-02-28 00:00:00,,1
535,Designated Bully,,,Publishing,2022-07-05 00:00:00,,3
536,The Demonic Contract,,,Publishing,2021-01-03 00:00:00,,1
537,"What's Wrong with You, Duke?",,133,Finished,2019-01-31 00:00:00,2022-04-28 00:00:00,1
538,"Your Majesty, Please Spare Me This Time",,,Publishing,2020-10-16 00:00:00,,1
539,Never-Ending Darling,,,Publishing,2021-07-08 00:00:00,,3
540,The Spark in Your Eyes,,,Publishing,2020-06-12 00:00:00,,3
541,Interview with the CriminalInterview with a Murderer,3,18,Finished,2018-03-13 00:00:00,2019-05-28 00:00:00,7
542,Forbidden Kiss,10,,Finished,,,
543,Carnivorous Princess Yegrinna,5,26,Finished,,,
544,Nobody Knows,7,28,Finished,2011-07-25 00:00:00,2013-12-26 00:00:00,11
545,3 Level Combination,3,25,Finished,2008-07-04 00:00:00,2008-12-19 00:00:00,3
546,Chronicles of the Grim Peddler,6,31,Finished,,,
547,Tiara,,,Publishing,2009-01-28 00:00:00,,
548,Blood Rain,5,,Finished,2014-11-01 00:00:00,2016-04-30 00:00:00,7
549,Escape Room,,135,Finished,2019-09-09 00:00:00,2022-06-28 00:00:00,3
550,Long After the Ending,,60,Finished,2021-11-25 00:00:00,2022-12-11 00:00:00,3
551,Regina Rena: To the Unforgiven,,,Publishing,2021-12-17 00:00:00,,3
552,Twilight Poem,,,Publishing,2021-10-21 00:00:00,,3
553,The Falcon Princess,,,Publishing,2021-05-14 00:00:00,,1
554,Here Comes the Silver Spoon!,,,Publishing,2021-06-14 00:00:00,,1
555,I'm Not That Kind of Talent,,,Publishing,2022-11-21 00:00:00,,3
556,Cynical Orange,9,24,Finished,,,20
557,Very! Very! Sweet,8,40,Finished,,,
558,She Scares Me,14,,Finished,2009-02-16 00:00:00,2009-04-14 00:00:00,
559,Need a Girl!,10,66,Finished,,,13
560,M.A.X.,4,21,Finished,,,16
561,It's Love,7,42,Finished,,,
562,Operation Liberate Men,9,,Publishing,,,
563,Seol Hui,,,Publishing,,,
564,A Villainess for the Tyrant,6,24,Finished,2020-07-01 00:00:00,2022-04-22 00:00:00,1
565,Again My Life,8,142,Finished,2019-06-12 00:00:00,2021-09-22 00:00:00,1
566,There Must Be Happy Endings,,,Publishing,2021-04-23 00:00:00,,3
567,I Will Fall With the Emperor,,,Publishing,2022-10-12 00:00:00,,1
568,The Villainess Is Shy in Receiving Affection,,,Publishing,2023-02-16 00:00:00,,1
569,A Fairytale for the Demon Lord,,59,Finished,2011-01-28 00:00:00,2014-07-06 00:00:00,5
570,Banya: The Explosive Delivery Man,5,38,Finished,2004-08-17 00:00:00,2006-03-04 00:00:00,
571,unTouchable,,140,Finished,2014-02-14 00:00:00,2017-03-03 00:00:00,3
572,The Build Up,,,Publishing,2020-07-28 00:00:00,,3
573,Memorize,,,Publishing,2020-09-25 00:00:00,,1
574,Gimme That Pacifier!,,,Publishing,2021-12-31 00:00:00,,1
575,How to Hide the Emperor's Child,,,Publishing,2022-02-03 00:00:00,,1
576,Return of the Bloodthirsty Police,,,Publishing,2023-04-14 00:00:00,,3
577,Roureville,3,24,Finished,2006-09-01 00:00:00,2009-12-18 00:00:00,
578,Normal City,15,121,Finished,,,
579,I'm at End of Your Sight,,,Publishing,,,
580,Trump!,,,Publishing,,,4
581,Yeonmo,11,44,Finished,,,11
582,Doridosim,,79,Finished,2016-10-23 00:00:00,2018-03-04 00:00:00,6
583,1 Plus 1,,52,Finished,2019-05-04 00:00:00,2020-04-11 00:00:00,6
584,She's Hopeless,,103,Finished,2020-11-11 00:00:00,2023-03-22 00:00:00,3
585,The Warrior Returns,,,Publishing,2021-06-03 00:00:00,,3
586,The Nuna at Our Office,,65,Finished,2020-09-28 00:00:00,2021-11-08 00:00:00,3
587,Her Bucket List,,58,Finished,2019-09-20 00:00:00,2020-09-19 00:00:00,3
588,The Legendary Spearman Returns,,,Publishing,2021-10-02 00:00:00,,1
589,Dreamcide,,202,Finished,2016-07-05 00:00:00,2020-07-28 00:00:00,1
590,This Is the Law,,,Publishing,2021-04-30 00:00:00,,1
591,The Lady and the Beast,,,Publishing,2020-09-09 00:00:00,,1
592,Murim RPG Simulation,,,Publishing,2021-10-06 00:00:00,,3
593,How to Become a Dragon,,,Publishing,2019-05-11 00:00:00,,3
594,Hive,,243,Finished,2014-01-20 00:00:00,2018-10-29 00:00:00,3
595,Talented Baby Squirrel,,,Publishing,2022-09-08 00:00:00,,1
596,Martial Artist Lee Gwak,,100,Finished,2021-03-13 00:00:00,2022-10-10 00:00:00,1
597,Return of the War God,,,Publishing,2022-05-31 00:00:00,,1
598,Legend of Tyr,11,66,Finished,,,15
599,Song of the Doll,5,15,Finished,,,16
600,Island,7,46,Finished,,,4
601,Queens,5,26,Finished,,,
602,The Girl's Winter,,1,Finished,,,8
603,Heart to GiveGive to the Heart,8,,Finished,,,
604,Kung Fu Komang,39,,Finished,,,
605,Back to School,,45,Finished,2019-02-14 00:00:00,2020-01-09 00:00:00,6
606,Her Tale of Shim Chong Side Stories,1,4,Finished,2019-04-16 00:00:00,2020-06-11 00:00:00,7
607,The Villainess Lives Again,,,Publishing,2020-06-03 00:00:00,,1
608,Sixth Sense Kiss,,97,Finished,2021-04-17 00:00:00,2023-03-17 00:00:00,3
609,God of Blackfield,,,Publishing,2020-02-29 00:00:00,,1
610,The Worn and Torn Newbie,,,Publishing,2020-11-30 00:00:00,,1
611,A Chance at Last,,69,Finished,2021-09-23 00:00:00,2023-03-12 00:00:00,3
612,The Savior's Time,,59,Finished,2020-07-09 00:00:00,2021-08-12 00:00:00,3
613,"Frozen Wolf, Fire Dragon",,,Publishing,2023-01-19 00:00:00,,1
614,I-Ren,7,28,Finished,,,11
615,Love SOS,10,60,Finished,,,
616,Coy - Crush On You,5,17,Finished,,,16
617,Adventure and Trouble Diary,9,35,Finished,,,
618,Shi Hwa Mong,15,,Finished,,,20
619,Boarding House of Hunks,17,,Finished,2006-10-30 00:00:00,2007-01-10 00:00:00,
620,Player Kill,33,,Finished,,,
621,Say Say Say,7,44,Finished,,,
622,My Secretly Hot Husband,,,Publishing,2020-08-31 00:00:00,,1
623,Garden Club Detective Squad,,53,Finished,2019-08-27 00:00:00,2020-08-18 00:00:00,3
624,My Unexpected Marriage,,,Publishing,2022-02-24 00:00:00,,1
625,The Art of Reincarnation,,,Publishing,2022-08-10 00:00:00,,1
626,The Phantom King,7,28,Finished,,,21
627,Secret,10,,Finished,,,
628,Hell BladeJack the Ripper: Hell Blade,5,36,Finished,,,4
629,Ragnarok,10,110,On Hi,1995-06-12 00:00:00,2002-07-07 00:00:00,
630,Dorothy of Oz,5,,Finished,,,13
631,The Snow Queen,2,18,Finished,,,
632,Severe Trauma Center: Golden Hour,11,147,Finished,2019-12-11 00:00:00,2022-11-28 00:00:00,3
633,Tricked Into Becoming the Heroine's Stepmother,,,Publishing,2021-04-14 00:00:00,,3
634,Farmer of Spirits,,,Publishing,2020-09-30 00:00:00,,1
635,At Each Other's Throats,,180,Finished,2014-09-05 00:00:00,2017-05-05 00:00:00,5
636,Peppermint,4,21,Finished,,,16
637,Utopia of Homosexuality,3,22,Finished,,,
638,Promise,7,,Finished,,,11
639,Appetite,,99,Finished,,,6
640,Side Characters Deserve Love Too,,,Publishing,2021-10-12 00:00:00,,1
641,Tyrant of the Tower Defense Game,,,Publishing,2022-08-05 00:00:00,,3
642,I Failed to Divorce My Husband,,,Publishing,2022-09-12 00:00:00,,1
643,So I Married the Anti-Fan,,88,Finished,2018-12-04 00:00:00,2020-06-16 00:00:00,3
644,The Viridescent Tiara,,,Publishing,2020-10-29 00:00:00,,1
645,The Antagonist's Pet,,117,Finished,2019-07-15 00:00:00,2022-01-17 00:00:00,1
646,The Overpowered Newbie,,,Publishing,2022-06-17 00:00:00,,1
647,I'm the Tyrant's Secretary,,,Publishing,2021-05-20 00:00:00,,1
648,King of the Mound,,,Publishing,2022-07-27 00:00:00,,1
649,Aire,,,Publishing,2020-10-08 00:00:00,,3
650,The Baby Divine Beast,,,Publishing,2022-10-06 00:00:00,,1
651,The Beloved Fake Saint,,,Publishing,2022-10-21 00:00:00,,1
652,"Deja-vuDeja-vu: Spring, Summer, Fall, Winter",1,6,Finished,,,
653,Soul to Seoul,5,18,Finished,,,
654,Utopia's Avenger,7,,Finished,,,
655,My Student Can't Be a Psychopath,,89,Finished,2015-10-30 00:00:00,2018-03-23 00:00:00,6
656,1 Second,,,Publishing,2019-03-14 00:00:00,,3
657,Inner Beauty,,44,Finished,2018-11-01 00:00:00,2020-01-30 00:00:00,6
658,The Lone Necromancer,,,Publishing,2021-09-13 00:00:00,,3
659,Lady Evony,,,Publishing,2019-09-30 00:00:00,,1
660,The Lady with a Mask,,55,Finished,2018-05-17 00:00:00,2019-05-17 00:00:00,1
661,Fist Demon of Mount Hua,,,Publishing,2021-02-10 00:00:00,,1
662,Call Me the Devil,,,Publishing,2022-04-21 00:00:00,,3
663,Nine Heavens Swordmaster,,,Publishing,2022-10-31 00:00:00,,1
664,Sweet Bitter Love,10,,Finished,,,
665,One Fine Day,3,28,Finished,,,11
666,Talking About...,3,17,Finished,,,
667,Ruby Doll,4,16,Finished,2006-09-15 00:00:00,2008-01-30 00:00:00,
668,Aegis,5,,Finished,,,
669,Redrum 327,3,18,Finished,,,
670,Nabi,,,Publishing,2006-10-25 00:00:00,,11
671,A Summer Night's Dream,,86,Finished,2020-12-01 00:00:00,2022-08-21 00:00:00,3
672,Reincarnated as an Unruly Heir,,,Publishing,2021-07-22 00:00:00,,3
673,The Dark Lord's Confession,,,Publishing,2022-04-16 00:00:00,,3
674,The Wicked Little Princess,,,Publishing,2021-06-17 00:00:00,,1
675,Seducing the Monster Duke,,,Publishing,2022-08-26 00:00:00,,1
676,Demon King of the Royal Class,,,Publishing,2023-01-27 00:00:00,,1
677,The Part-Time Land of the Gods,,,Publishing,2023-02-09 00:00:00,,1
678,The Beloved Little Princess,,,Publishing,2020-03-26 00:00:00,,1
679,Vampire of the East,20,113,Finished,,,8
680,Ways of the Jogang Jicheo,12,53,Finished,2009-04-01 00:00:00,2009-06-10 00:00:00,
681,GIRL,16,,Finished,,,
682,Lover Boy,13,,Finished,2010-06-09 00:00:00,2010-07-30 00:00:00,
683,Lost In London,,37,Finished,,,11
684,Ties of Compassion,,121,Finished,2009-02-05 00:00:00,2011-09-19 00:00:00,3
685,XS Hybrid,5,35,Finished,,,
686,Ugly Duckling to Swan,13,,Finished,,,
687,The Taming of the Tyrant,,,Publishing,2021-01-16 00:00:00,,1
688,Two Steps Away,,50,Finished,2021-06-15 00:00:00,2022-04-05 00:00:00,6
689,No Outtakes,,79,Finished,2021-06-04 00:00:00,2022-10-31 00:00:00,3
690,He Can't Be This Dumb!,,91,Finished,2021-09-17 00:00:00,2023-02-17 00:00:00,1
691,Helmut,,,Publishing,2022-08-31 00:00:00,,1
692,I Stole the Number One Ranker's Soul,,,Publishing,2022-09-09 00:00:00,,1
693,Lips Upon a Sword's Edge,,,Publishing,2022-10-08 00:00:00,,3
694,The Country Is Saved!,7,,Finished,,,
695,Witch Hunt,,88,Finished,2014-05-10 00:00:00,2016-01-09 00:00:00,3
696,Beautiful Fascination is Better Than LoveSeduction More Beautiful Than Love,5,15,Finished,,,11
697,The Antique Gift Shop,10,16,Finished,,,
698,Ping,5,30,Finished,,,4
699,Gwi,5,34,Finished,,,
700,Become Habituated to Kiss,15,75,Finished,,,
701,Fallen Angels,15,,Finished,,,
702,Nice Guy Syndrome,11,,Finished,,,
703,My Love Tiger,,,Publishing,2014-07-05 00:00:00,,6
704,Tacit,,,Publishing,2021-02-22 00:00:00,,3
705,Trash Belongs in the Trash Can!,,,Publishing,2022-02-15 00:00:00,,3
706,The Heiress's Double Life,,,Publishing,2021-10-14 00:00:00,,1
707,Is This Hero for Real?,,,Publishing,2022-02-19 00:00:00,,1
708,The Slumbering Ranker,,,Publishing,2022-03-17 00:00:00,,1
709,Boundless Ascension,,,Publishing,2022-12-17 00:00:00,,3
710,Drug-Eating Genius Mage,,,Publishing,2023-02-28 00:00:00,,1
711,The Constellations Are My Disciples,,,Publishing,2023-03-02 00:00:00,,3
712,My Younger Brother's Friend,,87,Finished,2021-03-19 00:00:00,2022-10-15 00:00:00,3
713,"My Daughter, the Music Prodigy",,,Publishing,2021-11-30 00:00:00,,1
714,Knight Under My Heart,,41,Finished,2022-02-18 00:00:00,2022-11-29 00:00:00,3
715,The Crimson Lady,,,Publishing,2022-08-07 00:00:00,,1
716,Poison-Eating Healer,,,Publishing,2022-12-11 00:00:00,,1
717,Lover Puzzle,11,,Finished,2010-02-19 00:00:00,2010-04-02 00:00:00,
718,Dark Mage,6,21,Finished,,,
719,NOW,25,,Finished,,,
720,The Poet Who Buys Words,,3,Finished,,,8
721,Wa!,5,,Finished,,,
722,HWA,1,7,Finished,,,
723,SM Hunter,10,,Finished,,,11
724,Delinquent Lesson,5,,Finished,,,11
725,All of You in the World,9,,Finished,,,
726,Dallae,,25,Finished,2017-04-03 00:00:00,2018-06-10 00:00:00,6
727,Peach Love,,65,Finished,2015-10-21 00:00:00,2018-04-02 00:00:00,6
728,Unbalance x3,,,Publishing,2015-09-01 00:00:00,,22
729,The Divine Twilight's Return,,,Publishing,2021-11-29 00:00:00,,1
730,My Fair Footman,,102,Finished,2018-12-11 00:00:00,2021-01-27 00:00:00,1
731,A Dance of Swords in the Night,,,Publishing,2022-06-07 00:00:00,,3
732,The Archvillain's Daughter-In-Law,,,Publishing,2022-01-31 00:00:00,,1
733,My Farm by the Palace,,,Publishing,2022-04-30 00:00:00,,1
734,Auto Hunting With My Clones,,,Publishing,2022-09-03 00:00:00,,3
735,Nan Eomma Nun Appa,18,,Finished,2011-01-28 00:00:00,2011-06-03 00:00:00,
736,Taming the Cat Master,12,45,Finished,,,
737,Hissing,6,,Finished,,,8
738,Jack Frost,11,95,Finished,,,18
739,The Descendant of the Dynasty,14,,Finished,,,
740,"Oh, Chunja Chunja! High School Bullying",11,,Finished,,,
741,A Wolf Warning,7,,Finished,,,23
742,La Mosca,7,46,Finished,2008-06-15 00:00:00,2010-06-30 00:00:00,4
743,The Tutorial Is Too Tough!,,,Publishing,2021-01-31 00:00:00,,1
744,The Breaker: Eternal Force,,,Publishing,2022-05-05 00:00:00,,3
745,I Am the Sorcerer King,,143,Finished,2019-05-31 00:00:00,2021-06-05 00:00:00,1
746,Mystic Musketeer,,,Publishing,2021-02-10 00:00:00,,1
747,Empress of Another World,,130,Finished,2016-07-31 00:00:00,2019-04-29 00:00:00,1
748,Epilogue,,23,Finished,2020-08-10 00:00:00,2021-12-21 00:00:00,3
749,Crush of a Lifetime,,90,Finished,2019-11-06 00:00:00,2021-06-30 00:00:00,1
750,My Dad Is Too Strong,,,Publishing,2020-07-28 00:00:00,,1
751,The Perfect Plan for a Fairy-Tale Ending,,,Publishing,2022-03-19 00:00:00,,1
752,Surviving as the Illegitimate Princess,,,Publishing,2022-07-07 00:00:00,,1
753,The Perfect Hybrid,,,Publishing,2022-08-03 00:00:00,,3
754,The Knight King Who Returned with a God,,,Publishing,2023-05-22 00:00:00,,3
755,The Greatest Wolf of My Life,,89,Finished,2017-12-12 00:00:00,2019-06-25 00:00:00,6
756,How to Hate Mate,3,26,Finished,2016-12-18 00:00:00,2018-12-10 00:00:00,6
757,Meow Man,5,25,Finished,2018-03-16 00:00:00,2021-02-11 00:00:00,3
758,For the Sake of Both,6,24,Finished,2009-10-28 00:00:00,,
759,The Bear-Like Fox Meets The Wolf,8,,Finished,,,
760,Mango's Bone,,60,Finished,2016-04-24 00:00:00,2017-08-20 00:00:00,6
761,Moritat,,53,Finished,2015-10-04 00:00:00,2017-03-14 00:00:00,6
762,A Royal Princess with Black Hair,,107,Finished,2019-11-15 00:00:00,2023-06-02 00:00:00,1
763,PhD: Phantasy Degree,10,106,Finished,,,15
764,Under the Glass Moon,3,18,Finished,,,
765,Why Do You Love Me?,,,Publishing,,,
766,Land of Silver Rain,7,29,Finished,,,
767,The Missing White Dragon,1,5,Finished,,,
768,Unplugged Boy,2,17,Finished,,,
769,A Love in 100 Days,13,,Finished,,,
770,The Max Level Hero Strikes Back,,,Publishing,2020-10-26 00:00:00,,1
771,Reawakened Man,,175,Finished,2016-05-06 00:00:00,2019-12-06 00:00:00,3
772,Queen in the Shadows,,60,Finished,2020-08-16 00:00:00,2021-06-28 00:00:00,1
773,The Wolf & Red Riding Hood,,63,Finished,2018-08-31 00:00:00,2019-10-11 00:00:00,3
774,Book Eater,,,Publishing,2021-07-23 00:00:00,,1
775,I'm All Out of Health!,,,Publishing,2021-07-31 00:00:00,,1
776,My Ray of Hope,,,Publishing,2021-12-25 00:00:00,,1
777,Can We Become Family?,,,Publishing,2021-09-17 00:00:00,,1
778,The Doctor Is Out,,,Publishing,2022-08-31 00:00:00,,1
779,Chronicles of the Demon Faction,,,Publishing,2023-03-24 00:00:00,,3
780,Faeries' Landing,23,,Finished,,,4
781,Metal Heart,16,,Finished,,,
782,50 Rules for Teenagers,8,,Finished,,,
783,Shin Gumiho,21,77,Finished,,,
784,Confessing Truthfully,7,34,Finished,,,
785,Gangster Hero,13,,Finished,,,
786,To Find My Brother Ara,10,47,Finished,,,
787,Personalized Princess,10,,Finished,,,
788,Never Cry,13,,Finished,,,
789,Mary Stayed Out All Night,10,38,Finished,,,5
790,Sambong Barber Shop,3,37,Finished,,,3
791,Happy if You Died,,61,Finished,2015-04-07 00:00:00,2016-10-18 00:00:00,5
792,The Sweetest Man,11,,Finished,2015-05-12 00:00:00,2020-03-20 00:00:00,
793,Thirsty Thirty,9,,Finished,2013-12-01 00:00:00,2018-05-01 00:00:00,16
794,Charlotte and Her 5 Disciples,,,Publishing,2019-10-03 00:00:00,,1
795,The Lady's Butler,,95,Finished,2020-07-18 00:00:00,2022-05-23 00:00:00,1
796,I Woke Up as the Villain,,,Publishing,2020-09-18 00:00:00,,1
797,The Duke's Bored Daughter Is My Master,,,Publishing,2022-02-28 00:00:00,,1
798,The Second Coming of Gluttony,,,Publishing,2019-12-04 00:00:00,,1
799,Reforming the Obsessive Male Lead,,,Publishing,2022-07-25 00:00:00,,1
800,Doctor Player,,,Publishing,2022-12-02 00:00:00,,1
801,The Little Brother Is the Academy's Hotshot,,,Publishing,2023-02-24 00:00:00,,1
802,Absolute Necromancer,,,Publishing,2023-06-30 00:00:00,,1
803,X & Ash,,,Publishing,2021-10-29 00:00:00,,3
804,Wife After Love,,87,Finished,2020-10-03 00:00:00,2021-08-25 00:00:00,1
805,The Hero Returns,,,Publishing,2022-03-03 00:00:00,,1
806,World's Strongest Troll,,,Publishing,2022-10-26 00:00:00,,3
807,The Secret of the Partner Next to You,,,Publishing,2022-05-20 00:00:00,,6
808,Chronicles of the Cursed Sword,37,163,Finished,,,14
809,Hoosamguk High,10,,Finished,,,
810,Yaya,6,38,Finished,,,8
811,Sunaebo,4,26,Finished,,,19
812,Save Me,,16,Finished,2019-01-17 00:00:00,2019-04-04 00:00:00,3
813,She's My Type,,,Publishing,2018-04-01 00:00:00,,5
814,Dungeon Reset,,,Publishing,2020-03-03 00:00:00,,1
815,I Get Stronger the More I Eat,,,Publishing,2021-05-31 00:00:00,,1
816,Reborn as a Scholar,,,Publishing,2016-10-09 00:00:00,,1
817,"I'll Raise You Well in This Life, Your Majesty!",,,Publishing,2021-12-13 00:00:00,,1
818,The Villainess Tames the Beast,,,Publishing,2022-06-24 00:00:00,,1
819,Jack Be Invincible,,,Publishing,2022-03-12 00:00:00,,1
820,Her True Color,9,,Finished,,,
821,To Love Our Enemies,18,,Finished,,,
822,Eohwadungdungnae Boreumi,10,,Finished,,,8
823,Honey Mustard,4,23,Finished,,,
824,Anuki,7,51,Finished,2001-04-14 00:00:00,2004-02-13 00:00:00,
825,Nabi: The Prototype,1,6,Finished,,,11
826,Last Fantasy,5,8,Finished,,,
827,Really?!,7,,Finished,,,
828,Memory Eaters,2,11,Finished,,,11
829,Bell Princess,,,Publishing,,,16
830,Disciple of the Holy Sword,,,Publishing,2022-06-04 00:00:00,,1
831,The Lord of Coins,,,Publishing,2021-04-30 00:00:00,,1
832,Horang's Nightmare,,10,Finished,2020-08-31 00:00:00,2020-11-02 00:00:00,3
833,Sica Wolf,,94,Finished,2017-05-31 00:00:00,2019-08-08 00:00:00,1
834,Let's Hide My Little Brother,,,Publishing,2021-08-16 00:00:00,,1
835,Straight to the Red Carpet,,,Publishing,2021-12-11 00:00:00,,1
836,Strange and Beautiful,9,155,Finished,2015-12-20 00:00:00,2019-02-24 00:00:00,3
837,Rebirth Knight,,,Publishing,2013-07-12 00:00:00,,17
838,Love Bullet,12,,Finished,,,
839,Pet Diary,2,44,Finished,2007-06-04 00:00:00,2008-02-14 00:00:00,3
840,"Oh, My Romantic Kumiho",,,Publishing,,,8
841,Honorable Baek Dong Soo,9,65,Finished,,,
842,Beast 9,5,34,Finished,,,18
843,Bibi,7,49,Finished,,,
844,New Sexy Simpleton,9,45,Finished,,,
845,Girl in Heels,14,,Finished,,,8
846,Yoo Ah Dok-Jon,2,15,Finished,,,19
847,"God, Please Make Me a Demon!",,67,Finished,2021-04-07 00:00:00,2022-06-30 00:00:00,3
848,Devilish Romance,,95,Finished,2020-07-14 00:00:00,2022-08-21 00:00:00,3
849,"If You Give Me Flowers, I'll Give You Myself",,67,Finished,2020-01-04 00:00:00,2021-05-09 00:00:00,1
850,Money Game,,60,Finished,2018-11-23 00:00:00,2019-12-20 00:00:00,3
851,Locker & Opener,,92,Finished,2020-12-11 00:00:00,2022-08-06 00:00:00,3
852,The Meaning of You,,82,Finished,2020-12-18 00:00:00,2022-08-05 00:00:00,1
853,The Dungeon Cleaning Life of a Once Genius Hunter,,,Publishing,2022-06-29 00:00:00,,3
854,Mong Hwan BaegseoJade of Bango,20,,Finished,,,13
855,Going to You,9,48,Finished,,,
856,Metronome,,,Publishing,2010-06-16 00:00:00,,5
857,Blue Glass,,,Publishing,2014-12-01 00:00:00,,8
858,Daughter of the Emperor,,245,Finished,2015-08-05 00:00:00,2022-06-08 00:00:00,1
859,One-of-a-Kind Romance,10,160,Finished,2018-04-09 00:00:00,2021-10-03 00:00:00,3
860,Milkyway Hitchhiking,3,51,Finished,2011-02-21 00:00:00,2012-11-25 00:00:00,3
861,The Lady Needs a Break,,,Publishing,2021-03-10 00:00:00,,1
862,Forest of Humans,,33,Finished,2012-06-03 00:00:00,2013-01-20 00:00:00,3
863,Protect the Knight,,60,Finished,2021-04-16 00:00:00,2022-10-23 00:00:00,3
864,It's Not Your Baby!,,,Publishing,2022-05-20 00:00:00,,1
865,Voice of Love,,36,Finished,2017-11-29 00:00:00,2018-06-27 00:00:00,6
866,How to Live as a Villain,,,Publishing,2021-11-09 00:00:00,,3
867,My Husband Changes Every Night,,,Publishing,2022-12-17 00:00:00,,3
868,Everyday Lily,,54,Finished,2016-06-26 00:00:00,2017-05-14 00:00:00,6
869,Men of the Harem,,,Publishing,2020-11-24 00:00:00,,3
870,Rewriting the Villainess,,62,Finished,2021-12-26 00:00:00,2023-02-26 00:00:00,3
871,Threads of Love,,79,Finished,2021-05-24 00:00:00,2022-11-08 00:00:00,3
872,Lady Chef Royale,,,Publishing,2020-08-01 00:00:00,,1
873,Soul Cartel,,223,Finished,2012-01-12 00:00:00,2016-04-13 00:00:00,3
874,The Snake and the Flower,,85,Finished,2021-01-05 00:00:00,2022-07-13 00:00:00,3
875,Dead Days,,60,Finished,2014-07-05 00:00:00,2015-10-24 00:00:00,3
876,The Duke's Darling Daughter-in-Law,,,Publishing,2022-09-30 00:00:00,,1
877,The Great Wizard Transcendent,,,Publishing,2022-10-05 00:00:00,,1
878,New Mok Yeon-Ah Honeymoon Diary,13,,Finished,,,
879,The Thousand-Year Fox's Operation-Human,8,,Finished,,,
880,She's Gon,3,25,Finished,,,
881,So I Married an Anti-Fan,4,22,Finished,,,
882,The Villain's Savior,,87,Finished,2019-04-06 00:00:00,2021-05-01 00:00:00,5
883,The Boy of Death,,,Publishing,2019-07-08 00:00:00,,3
884,Secret Playlist,,107,Finished,2020-09-14 00:00:00,2022-10-10 00:00:00,3
885,The Villainess's Days are Numbered!,,110,Finished,2020-12-04 00:00:00,2023-01-21 00:00:00,1
886,"No Way, Vampires Don't Exist!",,80,Finished,2019-12-16 00:00:00,2021-03-22 00:00:00,1
887,Precious Daughter of the Greatest Martial Arts Villain,,,Publishing,2021-03-31 00:00:00,,1
888,The Ideal Relationship,,45,Finished,2019-06-30 00:00:00,2019-12-30 00:00:00,1
889,Marked By King Bs,,122,Finished,2020-02-22 00:00:00,2022-05-07 00:00:00,1
890,Absolute Sword Sense,,,Publishing,2022-06-19 00:00:00,,3
891,Enrolling in the Transcendent Academy,,,Publishing,2022-07-07 00:00:00,,3
892,I Have Max Level Luck,,,Publishing,2022-06-19 00:00:00,,1
893,House Mayton's Youngest,,,Publishing,2022-10-10 00:00:00,,1
894,Relife Player,,,Publishing,2022-12-15 00:00:00,,1
895,A World Without You,,,Publishing,2022-12-19 00:00:00,,1
896,Serena,,,Publishing,2022-10-21 00:00:00,,3
897,Nobles' Love Company,15,,Finished,,,
898,Don't Cheat on Me!,12,,Finished,,,
899,Be Born Again,,,Publishing,,,15
900,I.N.V.U.,5,,On Hi,,,16
901,ChunRangYulJun,10,,Finished,,,
902,Ice Kiss,6,,Finished,,,
903,Platina,14,,Finished,,,
904,One,11,71,Finished,,,11
905,PahanjipTime and Again,6,21,Finished,,,11
906,"Hangah, Lee",7,28,Finished,2007-07-10 00:00:00,2010-10-09 00:00:00,23
907,Gourmet Gaming,,,Publishing,2020-05-03 00:00:00,,1
908,False Confession,,,Publishing,2019-10-31 00:00:00,,1
909,His Devilish New Hire,,81,Finished,2020-08-02 00:00:00,2022-07-02 00:00:00,1
910,Can I Take It Back?,,,Publishing,2022-02-26 00:00:00,,3
911,What It Means to Be You,,,Publishing,2021-03-02 00:00:00,,1
912,Adonis,,,Publishing,2016-06-26 00:00:00,,1
913,Dear Nemesis,,,Publishing,2022-02-23 00:00:00,,3
914,A Match Made in Mana,,,Publishing,2021-10-27 00:00:00,,1
915,Judge and Executioner,,,Publishing,2022-05-28 00:00:00,,3
916,Never Die Extra,,,Publishing,2022-09-30 00:00:00,,1
917,King of Eden,6,51,Finished,2014-02-28 00:00:00,2018-04-30 00:00:00,13
918,Legend Hustle,6,,Finished,,,
919,Blind Märchen,2,24,Finished,2011-10-03 00:00:00,2012-03-19 00:00:00,3
920,Arcana,11,23,Finished,,,11
921,Good Luck,5,25,Finished,,,
922,K2♥: Kill Me Kiss MeKill♥Me Kiss Me,5,34,Finished,,,11
923,A Cat and a Bird,2,10,Finished,,,
924,Agmaui Sinbu MandeulgiDevil's Bride,5,34,Finished,,,
925,Real Lies,1,3,Finished,,,
926,Mistaken Lover,,40,Finished,2018-10-24 00:00:00,2019-05-15 00:00:00,1
927,The Hellbound,2,57,Finished,2019-08-23 00:00:00,2020-08-16 00:00:00,3
928,Girl in the Birdcage,,50,Finished,2018-01-17 00:00:00,2019-01-23 00:00:00,6
929,Secretary Out-of-Order,,55,Finished,2021-06-24 00:00:00,2022-05-27 00:00:00,3
930,Your Ultimate Love Rival,,,Publishing,2022-01-08 00:00:00,,1
931,Phone Addict,,60,Finished,2021-04-21 00:00:00,2022-03-28 00:00:00,1
932,What It Takes to Be a Villainess,,164,Finished,2018-01-31 00:00:00,2021-04-18 00:00:00,1
933,Monster Duke's Daughter,,,Publishing,2021-07-13 00:00:00,,3
934,Escort Warrior,,,Publishing,2019-05-17 00:00:00,,3
935,My School Life Pretending to Be a Worthless Person,,,Publishing,2022-08-16 00:00:00,,1
936,The Villain's Beloved Daughter,,,Publishing,2022-06-28 00:00:00,,1
937,Preferably My Prince,,,Publishing,,,16
938,Bambi,1,5,Finished,,,
939,Excel,4,9,Finished,,,19
940,Want You,10,,Finished,,,
941,Don't Touch Me!,5,25,Finished,,,
942,13th Boy,12,45,Finished,,,16
943,Perfect Couple,3,13,Finished,2009-12-25 00:00:00,2010-12-25 00:00:00,11
944,Pokerface,,1,Finished,,,11
945,Big Sister VS Big Brother,15,,Finished,,,
946,Can't Take My Eyes Off You!,,50,Finished,2017-11-25 00:00:00,2018-10-06 00:00:00,6
947,All of Us Are Dead,5,,Finished,2009-05-13 00:00:00,2011-11-02 00:00:00,3
948,My Roommate Is a Gumiho,,183,Finished,2017-08-02 00:00:00,2021-01-20 00:00:00,3
949,Revenge Wedding,,84,Finished,2020-03-03 00:00:00,2021-10-23 00:00:00,1
950,The Tyrant's Only Perfumer,,90,Finished,2021-07-14 00:00:00,2023-04-26 00:00:00,1
951,I Was the Final Boss,,,Publishing,2022-11-23 00:00:00,,3
952,The Soulless Duchess,,,Publishing,2019-11-18 00:00:00,,1
953,Housekeeper,,,Publishing,2019-01-21 00:00:00,,3
954,Bitten Contract,,,Publishing,2021-06-03 00:00:00,,3
955,Hoarding in Hell,,,Publishing,2021-12-28 00:00:00,,1
956,Scorching Romance,,90,Finished,2019-03-22 00:00:00,2020-11-20 00:00:00,3
957,His Majesty's Secret Heroine,,,Publishing,2018-09-20 00:00:00,,1
958,"Sarah, I'm Sorry: Welcome to Our Galaxy",,8,Finished,2022-01-12 00:00:00,2022-03-02 00:00:00,3
959,Royal Marriage,,,Publishing,2022-06-30 00:00:00,,1
960,Max Level Player,,,Publishing,2023-03-17 00:00:00,,1
961,I do I do,15,31,Finished,,,
962,Surviving a Rebel,16,,Finished,,,
963,Not So Bad,2,14,Finished,2006-02-16 00:00:00,2006-06-06 00:00:00,
964,Angel Shop,4,19,Finished,,,
965,Imitation Love,13,,Finished,,,
966,Forever Mine,,73,Finished,2016-09-10 00:00:00,2018-01-27 00:00:00,6
967,340 Days,3,23,Finished,2014-07-29 00:00:00,2015-05-19 00:00:00,6
968,My Universe,,72,Finished,2019-08-06 00:00:00,2020-11-24 00:00:00,3
969,Return Survival,,,Publishing,2019-08-21 00:00:00,,1
970,Rookie Chef with the Magic Touch,,,Publishing,2022-01-20 00:00:00,,1
971,Writing My Male Lead's Happily Ever After,,,Publishing,2022-03-04 00:00:00,,1
972,My Daughter Is a Dragon!,,,Publishing,2022-08-31 00:00:00,,1
973,F-Class Destiny Hunter,,,Publishing,2023-04-28 00:00:00,,1
974,Bride,,1,Finished,,,
975,Do Whatever You Want,7,29,Finished,,,
976,Two Cups of Coffee,,1,Finished,,,
977,Fantamir,3,,Finished,,,
978,Last Kiss,10,,Finished,,,
979,He was CoolThat Guy was Splendid,3,18,Finished,,,
980,Happy & Murphy,4,19,Finished,,,
981,Die or Like Me,10,,Finished,,,
982,"My Brother and Boyfriend, and He",10,,Finished,,,
983,Dragon Who,5,34,Finished,,,17
984,Psychic Studies,,84,Finished,2021-07-30 00:00:00,2023-02-03 00:00:00,3
985,The Evil Princess Dreams of a Gingerbread House,,,Publishing,2021-05-31 00:00:00,,1
986,Estio,,,Publishing,2021-12-31 00:00:00,,1
987,Fiery Enemies,,60,Finished,2019-05-20 00:00:00,2020-03-03 00:00:00,1
988,Grand Warlock Streamer,,,Publishing,2022-01-29 00:00:00,,1
989,Divorcing My Tyrant Husband,,,Publishing,2022-07-22 00:00:00,,3
990,Heavenly Sword's Grand Saga,,,Publishing,2022-06-30 00:00:00,,1
991,The Status Window to the Soul,,,Publishing,2022-10-13 00:00:00,,1
992,The Dark Mage's Return to Enlistment,,,Publishing,2023-03-17 00:00:00,,3
993,Don't Believe Her,8,,Finished,,,
994,Fever,4,19,Finished,,,
995,Audition,10,,Finished,,,
996,Cream,6,,Finished,,,
997,Neon Revenge,,,Publishing,2020-09-04 00:00:00,,3
998,Taming Master,,,Publishing,2020-10-31 00:00:00,,1
999,Lucia,,,Publishing,2019-03-28 00:00:00,,1
